"","rcc","gcc","bcc","brt","max.filtered","date"
"1",0.337772086625421,0.325338989154105,0.336888924220475,356.00104201882,0.327592084632214,2021-03-24
"2",0.33547942294559,0.325408318624778,0.339112258429632,354.495145090957,0.327840220900437,2021-03-25
"3",0.336938347184251,0.326563317570421,0.336498335245328,353.356073022625,0.328088357168661,2021-03-26
"4",0.33401619823971,0.326974337649048,0.339009464111242,384.392757648247,0.328490005495352,2021-03-27
"5",0.334300217888162,0.325146170430027,0.340553611681811,360.442984239198,0.329337656816431,2021-03-28
"6",0.337335604936663,0.326692169205975,0.335972225857362,353.102716951742,0.32978365981082,2021-03-29
"7",0.339646087830189,0.326566877960109,0.333787034209702,351.064442552026,0.329384050278902,2021-03-30
"8",0.335282186017849,0.327158133636194,0.337559680345957,348.920014892097,0.329070620773177,2021-03-31
"9",0.337185831193334,0.324864556718609,0.337949612088056,353.012964254689,0.328903190171043,2021-04-01
"10",0.343721434794525,0.328369146070547,0.327909419134928,358.505051758594,0.328649579542717,2021-04-02
"11",0.346675897484276,0.325892672652881,0.327431429862843,345.636620007617,0.328201412697239,2021-04-03
"12",0.341350517919378,0.325397832818396,0.333251649262226,347.668725741502,0.327639842477897,2021-04-04
"13",0.340572870905641,0.325760788653394,0.333666340440966,354.849078444546,0.327445476538487,2021-04-05
"14",0.340377627736024,0.32632082106511,0.333301551198866,362.399795019706,0.327005283380755,2021-04-06
"15",0.345053446623192,0.326557299647909,0.328389253728899,359.982381965158,0.327285550139947,2021-04-07
"16",0.337990968533125,0.325158583881795,0.33685044758508,352.772287862513,0.32881127999415,2021-04-08
"17",0.33795083192396,0.328428574560932,0.333620593515108,372.612281272333,0.329235105238301,2021-04-09
"18",0.340810461021364,0.328675632092314,0.330513906886322,393.558945742273,0.329630452709074,2021-04-10
"19",0.340745605907841,0.328870875863426,0.330383518228733,377.579052212204,0.329984680368915,2021-04-11
"20",0.339736604097481,0.329873390374785,0.330390005527734,408.776447379119,0.32992903537185,2021-04-12
"21",0.335230840354781,0.326262486636755,0.338506673008464,361.372811653493,0.329252552886739,2021-04-13
"22",0.341272101339097,0.325788983977149,0.332938914683754,355.092780328739,0.328129102632709,2021-04-14
"23",0.343876555409642,0.328129102632709,0.327994341957649,366.483445380669,0.328129102632709,2021-04-15
"24",0.343286179237095,0.326609130431165,0.33010469033174,390.531258424947,0.328294719903281,2021-04-16
"25",0.347191669377809,0.326021613018591,0.3267867176036,391.554390386895,0.329321078617656,2021-04-17
"26",0.351195557864932,0.329140139489424,0.319664302645644,399.776530826212,0.329676627391837,2021-04-18
"27",0.349793526104022,0.328866529915907,0.321339943980071,388.699451388859,0.331115748837103,2021-04-19
"28",0.351235576295069,0.329226382231856,0.319538041473075,382.618522686911,0.336352199037443,2021-04-20
"29",0.357511803052707,0.335064075722253,0.30742412122504,403.161985784039,0.33986897955684,2021-04-21
"30",0.358657161455226,0.338538071834755,0.302804766710019,378.873492068247,0.344951273713433,2021-04-22
"31",0.365381948723255,0.342729341507026,0.291888709769719,373.184118520547,0.354332608470863,2021-04-23
"32",0.372986472882429,0.351360890731409,0.275652636386162,366.365889824162,0.36531284122671,2021-04-24
"33",0.385356667257685,0.36089723582566,0.253746096916655,360.832106589753,0.376121737424482,2021-04-25
"34",0.378369984323851,0.375966244857713,0.245663770818436,402.386946307145,0.380742753180491,2021-04-26
"35",0.381867312906226,0.372540161689974,0.245592525403801,389.298637886692,0.389130425676425,2021-04-27
"36",0.397109171811051,0.389130425676425,0.213760402512524,395.517754973661,0.393979162911797,2021-04-28
"37",0.38538742129668,0.383366003911683,0.231246574791637,346.07550892028,0.394434409506895,2021-04-29
"38",0.406426335825957,0.394191614142245,0.199382050031798,351.877039639509,0.394952512691748,2021-04-30
"39",0.387636517685632,0.380135324991226,0.232228157323142,367.21207971551,0.396757390142155,2021-05-01
"40",0.411820782293632,0.392830888582385,0.195348329123983,352.666487647691,0.399612735660012,2021-05-02
"41",0.412588963129243,0.396504583524707,0.19090645334605,336.541259238021,0.402409884740397,2021-05-03
"42",0.409025066497664,0.399132691501713,0.191842242000622,360.583098326351,0.403395667203831,2021-05-04
"43",0.405220577567785,0.399432643229273,0.195346779202941,378.873083391461,0.401414155216552,2021-05-05
"44",0.393468814802579,0.390106315702516,0.216424869494905,379.465114836037,0.399937705183762,2021-05-06
"45",0.367014996616569,0.365020354547398,0.267964648836034,402.458188727368,0.413280508545437,2021-05-07
"46",0.418369467083089,0.408765781176122,0.172864751740789,342.732034268939,0.418307078887352,2021-05-08
"47",0.425444124204145,0.418307078887352,0.156248796908503,326.915977336626,0.420598348806949,2021-05-09
"48",0.408792673183869,0.406976553764318,0.184230773051814,364.222437853313,0.418012115529051,2021-05-10
"49",0.405075290352357,0.404324192870702,0.190600516776941,369.050765787548,0.413293190556373,2021-05-11
"50",0.4308602804749,0.40766023007079,0.16147948945431,313.15308262118,0.413266685731275,2021-05-12
"51",0.407988933516848,0.401533143446556,0.190477923036596,363.483800565729,0.422706114052278,2021-05-13
"52",0.439041317423022,0.422706114052278,0.138252568524699,311.416032968021,0.422706114052278,2021-05-14
"53",0.388466309519802,0.385667533147461,0.225866157332737,391.751306267946,0.414993904117542,2021-05-15
"54",0.391845950257618,0.393307529878556,0.214846519863826,389.429170535902,0.404858580264342,2021-05-16
"55",0.394500708408166,0.388993744990401,0.216505546601432,385.266992181649,0.419702882927198,2021-05-17
"56",0.44364456956309,0.419702882927198,0.136652547509712,332.307855580899,0.419702882927198,2021-05-18
"57",0.397490759605357,0.390212100172827,0.212297140221816,375.097339963454,0.412770334567759,2021-05-19
"58",0.403936771387397,0.393326118461234,0.202737110151369,341.474139960031,0.400486250772524,2021-05-20
"59",0.382378745186709,0.381310610005615,0.236310644807676,408.874835780401,0.405465977710809,2021-05-21
"60",0.421705650148666,0.402885679862068,0.175408669989267,337.862252386801,0.410135983614808,2021-05-22
"61",0.435265688142763,0.410135983614808,0.154598328242429,306.139771740107,0.410135983614808,2021-05-23
"62",0.37853761829316,0.37542444226578,0.24603793944106,412.860942909351,0.408477911973,2021-05-24
"63",0.410400752769711,0.394959097218855,0.194640150011434,351.030515959791,0.40549437734512,2021-05-25
"64",0.43304213684755,0.401975464494603,0.164982398657847,325.790592731116,0.407380650617696,2021-05-26
"65",0.429565778381656,0.405506910258335,0.16492731136001,332.05968392809,0.407804110334618,2021-05-27
"66",0.423004965691127,0.403720578255218,0.173274456053655,319.931960664324,0.406858480285561,2021-05-28
"67",0.417992898158874,0.397473205228405,0.184533896612721,328.839505565279,0.405573425219315,2021-05-29
"68",0.433632261819258,0.401637851523069,0.164729886657673,321.41028581699,0.404621898464292,2021-05-30
"69",0.421956428495933,0.399424415816124,0.178619155687944,323.37568308934,0.404778787384274,2021-05-31
"70",0.428522851363136,0.404778787384274,0.16669836125259,299.522312468707,0.404778787384274,2021-06-01
"71",0.416805921174983,0.39345402252177,0.189740056303247,367.302891548735,0.401865274686262,2021-06-02
"72",0.391846455793646,0.381336931382931,0.226816612823424,388.585000492124,0.391317714346973,2021-06-03
"73",0.386172110063159,0.380906535707756,0.232921354229085,389.938824722592,0.385529981280038,2021-06-04
"74",0.349835261213536,0.362112113644328,0.288052625142136,421.21454247457,0.392058236168438,2021-06-05
"75",0.418862555190868,0.391012852357558,0.190124592451574,328.122247850702,0.393103619979317,2021-06-06
"76",0.418282314005212,0.392968380820429,0.188749305174359,316.059549128941,0.393103619979317,2021-06-07
"77",0.375743592572808,0.377624039070233,0.246632368356959,389.326325204017,0.391715184731828,2021-06-08
"78",0.379222685185651,0.374295535833514,0.246481778980835,403.167730795401,0.393273628003786,2021-06-09
"79",0.409348251511378,0.391665507512065,0.198986240976557,350.700780123331,0.394881748495508,2021-06-10
"80",0.409152177834711,0.391849555812113,0.198998266353176,367.106632546078,0.395612971446489,2021-06-11
"81",0.41261140810514,0.391906299778005,0.195482292116855,352.429823134957,0.395970679887398,2021-06-12
"82",0.418353090191605,0.395597165377324,0.186049744431071,351.533421630342,0.396058772308293,2021-06-13
"83",0.413698444095649,0.391857602396201,0.19444395350815,345.728277010112,0.395479464096222,2021-06-14
"84",0.407599840038027,0.392853738438313,0.19954642152366,346.604306725836,0.393935950867968,2021-06-15
"85",0.409337928741712,0.390010572614517,0.200651498643771,347.506183643514,0.393064014126941,2021-06-16
"86",0.408003951600427,0.391370506768107,0.200625541631466,351.263797655779,0.392315791333431,2021-06-17
"87",0.409830756033039,0.391160012298566,0.199009231668395,346.790432255939,0.391869689204594,2021-06-18
"88",0.392564993508264,0.381576364683351,0.225858641808384,378.756636183515,0.389601001695718,2021-06-19
"89",0.384331531751257,0.377944862755668,0.237723605493076,384.99678193777,0.384567750882691,2021-06-20
"90",0.397130526972725,0.380242434354673,0.222627038672602,361.614872411535,0.383503949066637,2021-06-21
"91",0.394865683453638,0.379188751164908,0.225945565381453,386.951814653309,0.388072617304586,2021-06-22
"92",0.409876848266227,0.385584756382739,0.204538395351035,344.187017772091,0.392375440618866,2021-06-23
"93",0.406741900884791,0.392375440618866,0.200882658496343,353.859866655826,0.392375440618866,2021-06-24
"94",0.377914990048811,0.373744170122609,0.24834083982858,372.202740060167,0.38953687916462,2021-06-25
"95",0.399557635080645,0.383995648802063,0.216446716117292,320.309507405395,0.383995648802063,2021-06-26
"96",0.378838306274126,0.372398340327892,0.248763353397982,373.708365250063,0.3835991208956,2021-06-27
"97",0.403176833704256,0.382444462786104,0.21437870350964,337.225375618899,0.385719976752549,2021-06-28
"98",0.381745224904475,0.377641097130509,0.240613677965016,346.794630286587,0.385694069671881,2021-06-29
"99",0.395059618221547,0.376534973761754,0.228405408016699,368.96384387263,0.384321315267348,2021-06-30
"100",0.368525270020184,0.371531974421892,0.259942755557924,409.250608735841,0.386952810916773,2021-07-01
"101",0.403165447425146,0.386952810916773,0.209881741658081,324.83335615647,0.386952810916773,2021-07-02
"102",0.385695817527969,0.37495750764445,0.239346674827581,378.779280300923,0.385276903594983,2021-07-03
"103",0.377752083412424,0.37036085442002,0.251887062167556,399.248738665103,0.376804896205015,2021-07-04
"104",0.371008086616995,0.366292347105125,0.262699566277879,392.386674569178,0.377202618693157,2021-07-05
"105",0.386549478004782,0.37615071968688,0.237299802308338,361.272221532773,0.37615071968688,2021-07-06
"106",0.342547213843235,0.35309013129841,0.304362654858355,415.695869582893,0.375728996780069,2021-07-07
"107",0.366914760320785,0.364375964226586,0.268709275452629,404.925083768043,0.380580840437081,2021-07-08
"108",0.39109995138482,0.37932369438252,0.22957635423266,389.909126116372,0.386298450318242,2021-07-09
"109",0.408112491841321,0.386298450318242,0.205589057840438,327.694679926909,0.386298450318242,2021-07-10
"110",0.376000932712543,0.369973170531626,0.25402589675583,386.215481789277,0.385501224192953,2021-07-11
"111",0.393546464011792,0.376469416620665,0.229984119367543,347.414535199695,0.378571396241039,2021-07-12
"112",0.350107159973922,0.353425323632371,0.296467516393706,438.109332808401,0.373053948971174,2021-07-13
"113",0.356624171635741,0.35795260240345,0.285423225960809,421.253632088189,0.366380335253697,2021-07-14
"114",0.349807944067199,0.354259569611322,0.29593248632148,429.815902876143,0.371476738236856,2021-07-15
"115",0.353481838930122,0.352747859186848,0.29377030188303,418.586645897613,0.381552885808858,2021-07-16
"116",0.399944804662921,0.380299122624156,0.219756072712923,345.617153298728,0.38389510128448,2021-07-17
"117",0.399872090512839,0.382648046050623,0.217479863436538,336.640492808572,0.383836382801452,2021-07-18
"118",0.40023611100861,0.379799618359924,0.219964270631467,341.719290400161,0.385906907439763,2021-07-19
"119",0.412324717268112,0.385299281721862,0.202376001010025,332.800167750052,0.386514533157664,2021-07-20
"120",0.404152883278581,0.384950199262737,0.210896917458682,317.979561881368,0.3879188787878,2021-07-21
"121",0.40710164631171,0.386756687949522,0.206141665738767,325.645446142391,0.387300289401297,2021-07-22
"122",0.410266579394863,0.384339062570614,0.205394358034523,330.704565197855,0.386946900005552,2021-07-23
"123",0.391675688144252,0.37872413724213,0.229600174613618,359.705102254783,0.384187528216692,2021-07-24
"124",0.39289291890339,0.375972451726888,0.231134629369722,356.476487176963,0.379051560938862,2021-07-25
"125",0.384951420833692,0.372055885445511,0.242992693720797,371.212214514659,0.376912503017978,2021-07-26
"126",0.379408882053603,0.368924175203915,0.251666942742481,370.654372841609,0.377468550850772,2021-07-27
"127",0.37746234613023,0.366474239934718,0.256063413935052,399.219388824937,0.380741439953204,2021-07-28
"128",0.40247844387092,0.380741439953204,0.216780116175875,319.653328683119,0.380741439953204,2021-07-29
"129",0.392872517582437,0.374007321799909,0.233120160617654,343.78221592684,0.380122728100336,2021-07-30
"130",0.371941347228914,0.367961765850495,0.260096886920591,376.493910501924,0.375974645371267,2021-07-31
"131",0.368926058967144,0.361636371535388,0.269437569497468,413.743402330527,0.377554459671231,2021-08-01
"132",0.391018476236688,0.375701937647801,0.233279586115512,365.286632203731,0.379103103175679,2021-08-02
"133",0.388436086563164,0.374224916154018,0.237338997282819,339.059318044685,0.379103103175679,2021-08-03
"134",0.348749285559936,0.352235600247256,0.299015114192809,437.142724483377,0.378156499909184,2021-08-04
"135",0.373218052595512,0.363124432310164,0.263657515094324,389.923765731917,0.379204376691627,2021-08-05
"136",0.392897736417308,0.379204376691627,0.227897886891065,331.124381100731,0.379204376691627,2021-08-06
"137",0.385925954972983,0.370716441824588,0.243357603202429,360.968516909804,0.378713210769329,2021-08-07
"138",0.37672708383576,0.368463934187436,0.254808981976804,366.55138201223,0.37964412873618,2021-08-08
"139",0.396941278160915,0.378341535918131,0.224717185920954,335.021178444118,0.381614331440882,2021-08-09
"140",0.404597361367367,0.381614331440882,0.213788307191751,328.954469982583,0.38172742702088,2021-08-10
"141",0.400679316263924,0.380290203425266,0.219030480310809,341.707047213937,0.383312830556208,2021-08-11
"142",0.403743421809843,0.383281697061821,0.212974881128337,333.321164322303,0.383281697061821,2021-08-12
"143",0.387697184502087,0.368595390765232,0.243707424732681,356.946499715424,0.384414125969187,2021-08-13
"144",0.400121878386369,0.381003678540012,0.218874443073619,329.325112011674,0.383268402366084,2021-08-14
"145",0.406014968754834,0.381001038011795,0.21298399323337,324.568880225607,0.383268402366084,2021-08-15
"146",0.3690924140054,0.363370035810385,0.267537550184215,396.023414398261,0.382339940872251,2021-08-16
"147",0.394179446540358,0.380923422825884,0.224897130633758,318.222713870618,0.380923422825884,2021-08-17
"148",0.396013498043161,0.376602650217723,0.227383851739117,344.69338970648,0.379890213595102,2021-08-18
"149",0.394206607467737,0.376732990429041,0.229060402103222,347.886576144402,0.378052382434247,2021-08-19
"150",0.398811840443647,0.377887609565724,0.223300549990629,344.710665394277,0.378002271148912,2021-08-20
"151",0.396951050997673,0.377845045591988,0.225203903410339,344.134773473239,0.377898602727782,2021-08-21
"152",0.39521952502991,0.374651670106621,0.230128804863469,367.356021670568,0.377735717814045,2021-08-22
"153",0.395400758545263,0.377339106510667,0.22726013494407,350.406935095279,0.377339106510667,2021-08-23
"154",0.38649379847841,0.372147709971328,0.241358491550261,353.505160881715,0.377155717106308,2021-08-24
"155",0.398026096222159,0.376476928927046,0.225496974850796,348.358400982536,0.376476928927046,2021-08-25
"156",0.36703997951186,0.359254309883529,0.273705710604611,406.144029681489,0.374473636814481,2021-08-26
"157",0.383050633351089,0.367467859383428,0.249481507265482,364.07686333078,0.368508654589636,2021-08-27
"158",0.382395791860436,0.367038863528845,0.25056534461072,364.498788947326,0.36939368445286,2021-08-28
"159",0.383349791889013,0.367195746809647,0.249454461301341,359.91612283412,0.36939368445286,2021-08-29
"160",0.364476816437838,0.35767561876481,0.277847564797352,411.186878693604,0.367787196234195,2021-08-30
"161",0.367674067098568,0.359544109732038,0.272781823169394,384.661906616285,0.365841029738579,2021-08-31
"162",0.380682464849394,0.365461195946582,0.253856339204024,366.145377672982,0.366511229309322,2021-09-01
"163",0.377710378108983,0.366005453170797,0.25628416872022,367.676268074854,0.36625834124006,2021-09-02
"164",0.365468710759158,0.357787123213183,0.276744166027659,390.347591374566,0.365656084754173,2021-09-03
"165",0.375004100996476,0.360692435334014,0.26430346366951,401.119464141287,0.366313049836695,2021-09-04
"166",0.380925936166547,0.366212245432536,0.252861818400917,373.341129574078,0.368966927913087,2021-09-05
"167",0.384471922057283,0.367273905014423,0.248254172928294,371.658990247389,0.369592385533706,2021-09-06
"168",0.381528131319048,0.365886546240527,0.252585322440425,371.365224387092,0.369592385533706,2021-09-07
"169",0.377772836406811,0.365348850007608,0.256878313585581,371.033072864289,0.368160538454842,2021-09-08
"170",0.385156539597684,0.36504998203224,0.249793478370077,381.678640967815,0.36819757554607,2021-09-09
"171",0.365219830488014,0.364110686033109,0.270669483478877,421.534399459092,0.369431866563213,2021-09-10
"172",0.370714556391808,0.368109815833545,0.261175627774648,410.833413927534,0.370930978666541,2021-09-11
"173",0.384281272222139,0.367965621860754,0.247753105917107,368.132854190114,0.370729292663701,2021-09-12
"174",0.391503317719056,0.368966021720504,0.23953066056044,361.081833781951,0.370527606660862,2021-09-13
"175",0.386003364936947,0.366264310858731,0.247732324204322,364.258189583235,0.370232669952408,2021-09-14
"176",0.355487075280085,0.355881148181428,0.288631776538487,440.002710960669,0.368030080743767,2021-09-15
"177",0.348822692971032,0.364105776769147,0.287071530259821,420.440354585953,0.367923088360918,2021-09-16
"178",0.372879185258425,0.36474642573858,0.262374389002995,413.119907052777,0.369497485249009,2021-09-17
"179",0.387841156570062,0.369295602594749,0.24286324083519,350.562874174623,0.369295602594749,2021-09-18
"180",0.351773680723583,0.348399220106979,0.299827099169437,335.541755641237,0.368198025867587,2021-09-19
"181",0.35701953725212,0.362127938651233,0.280852524096647,419.04223920644,0.365524819288524,2021-09-20
"182",0.364223290470497,0.361731004711737,0.274045704817766,428.720937945319,0.366459930070272,2021-09-21
"183",0.366085035116144,0.356568206563035,0.277346758320821,417.455993426937,0.367412209866741,2021-09-22
"184",0.380270099787361,0.366434374395656,0.253295525816983,397.586701529007,0.367429378881463,2021-09-23
"185",0.373729171119689,0.366101070854605,0.260169758025706,396.002963441615,0.366902882866198,2021-09-24
"186",0.38132049950073,0.364879951159496,0.253799549339774,393.397901412609,0.3665229122908,2021-09-25
"187",0.357776099447821,0.353796387352199,0.288427513199981,439.59965936469,0.366669437730666,2021-09-26
"188",0.385613502130635,0.365245254921116,0.249141242948249,384.69978303756,0.366250015777782,2021-09-27
"189",0.373067161228524,0.359996120315699,0.266936718455777,395.642281571886,0.365390190947566,2021-09-28
"190",0.366655755397124,0.35993859706097,0.273405647541906,381.733241042276,0.365344919244946,2021-09-29
"191",0.36679073824787,0.354990923261849,0.27821833849028,384.472774851186,0.365981661644611,2021-09-30
"192",0.378341959385788,0.364702022657568,0.256956017956644,357.776021584981,0.368317803776774,2021-10-01
"193",0.365781826670245,0.357554600867702,0.276663572462054,398.488875860682,0.366863431155657,2021-10-02
"194",0.370001959811651,0.35915375262207,0.270844287566278,399.26108669511,0.364370546834214,2021-10-03
"195",0.352930111835305,0.352078133639278,0.294991754525417,420.215058134808,0.360460393009777,2021-10-04
"196",0.342319067860213,0.345727323351711,0.311953608788076,450.49325362353,0.363740088665421,2021-10-05
"197",0.369595658965238,0.360173349667532,0.27023099136723,407.017767811675,0.368937794242794,2021-10-06
"198",0.375461595374661,0.368662071212662,0.255876333412677,352.142771556096,0.369808162145759,2021-10-07
"199",0.384439698088779,0.365658681644276,0.249901620266945,347.843682199237,0.370174145774501,2021-10-08
"200",0.389529189304575,0.368409153818005,0.242061656877419,344.051469738661,0.369177319174207,2021-10-09
"201",0.350862074593875,0.359466930028286,0.289670995377839,388.862693158622,0.370280441018179,2021-10-10
"202",0.382912171598566,0.366576095036654,0.25051173336478,387.987429444414,0.371516758513449,2021-10-11
"203",0.388470106579287,0.369071839548273,0.24245805387244,356.764916702684,0.371816217832165,2021-10-12
"204",0.383214071777526,0.366953228458029,0.249832699764445,350.394189086832,0.36979465120802,2021-10-13
"205",0.377125677500523,0.366268352188355,0.256605970311122,349.837027828535,0.368707724794745,2021-10-14
"206",0.377380562087981,0.368219152745665,0.254400285166353,353.321359032185,0.369288261518266,2021-10-15
"207",0.37791951938148,0.366539087522245,0.255541393096275,349.545020776186,0.370446977440247,2021-10-16
"208",0.381172873879573,0.368198893008023,0.250628233112404,350.835761144466,0.371206701591324,2021-10-17
"209",0.380545832621954,0.369605183138749,0.249848984239297,347.19920532692,0.373016318895786,2021-10-18
"210",0.377076983288853,0.367144268561448,0.255778748149699,386.552599483912,0.374922464051373,2021-10-19
"211",0.389201972979729,0.374922464051373,0.235875562968899,352.526251599403,0.374922464051373,2021-10-20
"212",0.361374708930261,0.354222359836648,0.284402931233091,432.942729618583,0.373805430151214,2021-10-21
"213",0.398694415002479,0.369797576887424,0.231508008110098,389.872497122145,0.371816014049822,2021-10-22
"214",0.395744950176989,0.365890340495399,0.238364709327613,408.587613028017,0.370811556827262,2021-10-23
"215",0.401466700076003,0.368372653792365,0.230160646131632,406.927505873392,0.369807099604702,2021-10-24
"216",0.408426347903053,0.363696756387274,0.227876895709672,403.121757866493,0.368237209961019,2021-10-25
"217",0.39354242453743,0.353279677916978,0.253177897545592,423.504692294196,0.360120881218244,2021-10-26
"218",0.394761416606213,0.347299584112762,0.257938999281024,412.814567722665,0.352168385618611,2021-10-27
"219",0.389261959486529,0.338805743494584,0.271932297018887,390.336099212174,0.345617314467221,2021-10-28
"220",0.381700614291874,0.335915198045855,0.282384187662271,394.645075979647,0.337971533115632,2021-10-29
"221",0.374273208210578,0.334805183256299,0.290921608533123,390.949208536424,0.335425468409076,2021-10-30
"222",0.376579617156668,0.333145612604985,0.290274770238347,392.615379513097,0.335692016095974,2021-10-31
"223",0.374783547427923,0.334580541372073,0.290635911200004,395.54501221751,0.334953532120606,2021-11-01
"224",0.381306447428857,0.326372087657604,0.29232146491354,401.671879613661,0.334953532120606,2021-11-02
"225",0.371435608564204,0.330480468049279,0.298083923386517,402.775940277558,0.33272807150802,2021-11-03
"226",0.352951705707927,0.330544883135792,0.31650341115628,390.959909021273,0.331773455081188,2021-11-04
"227",0.370456538201223,0.326944945804567,0.302598515994211,398.613496604345,0.33034700439993,2021-11-05
"228",0.378448091295526,0.321888943810501,0.299662964893973,345.568694074401,0.328843865564115,2021-11-06
"229",0.371160715883063,0.325009255561099,0.303830028555837,368.538631724445,0.328412297341537,2021-11-07
"230",0.380168842726892,0.322591266380143,0.297239890892965,340.006635113681,0.329121732141705,2021-11-08
"231",0.370881079753497,0.32325210040213,0.305866819844373,366.503166710173,0.329655120611374,2021-11-09
"232",0.387087103220642,0.325635357321601,0.287277539457757,358.03111720679,0.329370162431327,2021-11-10
"233",0.368265292478417,0.326366168890429,0.305368538631153,382.937245646843,0.329114711118909,2021-11-11
"234",0.361260224456631,0.325027706814384,0.313712068728984,375.546946478319,0.329868077388616,2021-11-12
"235",0.352721639524777,0.329868077388616,0.317410283086608,402.060918517124,0.330431323309919,2021-11-13
"236",0.373804745728974,0.327213014201155,0.298982240069871,339.372360183327,0.330356500112363,2021-11-14
"237",0.370907269112784,0.327145336502111,0.301947394385106,379.845871080661,0.33022241687905,2021-11-15
"238",0.374355062025383,0.32458164068075,0.301063297293867,301.004103885211,0.329778596215853,2021-11-16
"239",0.361703226931049,0.325343898279891,0.31295287478906,343.068831013219,0.32998477735311,2021-11-17
"240",0.367800152232701,0.327669091615026,0.304530756152273,334.792437125825,0.329373827484054,2021-11-18
"241",0.374708773997461,0.321286989117492,0.304004236885047,352.363711641083,0.328757004748349,2021-11-19
"242",0.363629844402404,0.323106204325406,0.31326395127219,363.861426474553,0.326880890011471,2021-11-20
"243",0.365056543040512,0.321761322113362,0.313182134846126,363.748043272667,0.32741288471187,2021-11-21
"244",0.363793815962786,0.326852723210442,0.309353460826772,352.366048159671,0.329093827291416,2021-11-22
"245",0.362589610574843,0.327709548636068,0.309700840789089,343.562150966489,0.329732306906667,2021-11-23
"246",0.364080371178619,0.323419506708155,0.312500122113225,369.524345154291,0.330588652161424,2021-11-24
"247",0.357401128021709,0.330588652161424,0.312010219816867,337.213093918633,0.330588652161424,2021-11-25
"248",0.356891746117488,0.326266821735495,0.316841432147018,334.429382363136,0.330154116448463,2021-11-26
"249",0.341207826385232,0.327557458388058,0.33123471522671,431.207774701409,0.329746008878817,2021-11-27
"250",0.354768225175753,0.326819219437703,0.318412555386544,321.769865757165,0.330953890873768,2021-11-28
"251",0.33152666721072,0.330928383281353,0.337544949507927,468.685845233459,0.331307937676509,2021-11-29
"252",0.364698491418032,0.328357570962872,0.306943937619096,324.157120176651,0.330346817347365,2021-11-30
"253",0.352875459376362,0.327342767954287,0.319781772669351,385.175472117973,0.329232994771379,2021-12-01
"254",0.350216054369584,0.325100098923327,0.324683846707088,358.187017772091,0.328049944787061,2021-12-02
"255",0.342207983554012,0.326610630982856,0.331181385463132,366.740918174777,0.329506286189737,2021-12-03
"256",0.343514706955449,0.327952808728016,0.328532484316535,408.212113950214,0.328863312150154,2021-12-04
"257",0.366126190164952,0.327314194502465,0.306559615332583,338.023820935378,0.328863312150154,2021-12-05
"258",0.346823142834279,0.32551098565112,0.327665871514601,370.085879896098,0.329346458209429,2021-12-06
"259",0.352042169933995,0.326857088999901,0.321100741066105,406.518876160236,0.332617291628193,2021-12-07
"260",0.329965552066647,0.331370265877649,0.338664182055704,467.913666494067,0.333864317378737,2021-12-08
"261",0.322723247126248,0.331758752113473,0.345518000760279,453.302889409066,0.333859624009657,2021-12-09
"262",0.328939804459208,0.331382274352589,0.339677921188203,424.898853565331,0.332618602496583,2021-12-10
"263",0.326599310830948,0.328999993137051,0.344400696032001,394.188444931338,0.33042231183909,2021-12-11
"264",0.321217087593427,0.328855578789609,0.349927333616964,425.764236287931,0.329713046803676,2021-12-12
"265",0.32376889121279,0.32815440987204,0.34807669891517,393.51107492693,0.329457710670302,2021-12-13
"266",0.358985122864584,0.326531482171871,0.314483394963545,323.637154924876,0.328543346524031,2021-12-14
"267",0.353739566574269,0.326278300318396,0.319982133107335,317.117711752346,0.327825903411942,2021-12-15
"268",0.345157016605688,0.32520317949805,0.329639803896262,342.576767045673,0.329199942842144,2021-12-16
"269",0.323411437673745,0.328574356645748,0.348014205680507,334.565687839405,0.329199942842144,2021-12-17
"270",0.32495787096401,0.326951998733396,0.348090130302593,364.564652239592,0.328644101860541,2021-12-18
"271",0.340202423497245,0.325838203537669,0.333959372965086,323.2029797031,0.327155286478175,2021-12-19
"272",0.336590394542195,0.324740912993855,0.338668692463951,311.812027935519,0.327655942349112,2021-12-20
"273",0.329977161749548,0.327328877354971,0.342693960895481,350.74610473252,0.327655942349112,2021-12-21
"274",0.33199062762413,0.325919280372325,0.342090092003545,330.53133973237,0.327486975819081,2021-12-22
"275",0.334159146358229,0.323161924382658,0.342678929259114,331.092966479945,0.326113693030799,2021-12-23
"276",0.343549897170985,0.324248053005403,0.332202049823612,306.274543073677,0.32766636853946,2021-12-24
"277",0.339735787262887,0.324660474007946,0.335603738729167,315.070273150149,0.330332568336726,2021-12-25
"278",0.338090233536665,0.330332568336726,0.331577198126609,403.115644832057,0.33251905978317,2021-12-26
"279",0.354727176623956,0.326083816166836,0.319189007209208,323.584302960018,0.333226394844213,2021-12-27
"280",0.340341271911792,0.331328555141125,0.328330172947083,438.748520418862,0.333231730818407,2021-12-28
"281",0.348050421781285,0.331272940865727,0.320676637352988,426.308816292296,0.333234456785382,2021-12-29
"282",0.34643145381473,0.331000139260116,0.322568406925154,425.274020994433,0.332257489523958,2021-12-30
"283",0.350615780057647,0.323580691991736,0.325803527950617,344.842004698713,0.329396306625848,2021-12-31
"284",0.363433001187278,0.324955262247791,0.311611736564931,382.122695041531,0.326753380717622,2022-03-05
"285",0.361020618624956,0.324901636967344,0.3140777444077,389.67538867088,0.326509805943956,2022-03-06
"286",0.365835808430885,0.325082743011203,0.309081448557912,386.999276791866,0.326331715073118,2022-03-07
"287",0.366289711762813,0.323996040572146,0.309714247665041,385.108829986178,0.326552501038742,2022-03-08
"288",0.363029942616584,0.323764483661717,0.3132055737217,384.832393305404,0.328151972751413,2022-03-09
"289",0.354921910515006,0.327298945030631,0.317779144454363,383.025584022663,0.329828192864787,2022-03-10
"290",0.344230390176159,0.327480788692153,0.328288821131688,404.087987470098,0.330730599345979,2022-03-11
"291",0.343559803453968,0.329290226220439,0.327149970325593,409.644690839221,0.33080981343458,2022-03-12
"292",0.342845837706503,0.32906270710515,0.328091455188347,409.732284610216,0.330522850705781,2022-03-13
"293",0.343471481136275,0.328037277360589,0.328491241503136,394.380867507414,0.329793256884113,2022-03-14
"294",0.357754855037465,0.325801830319644,0.316443314642892,307.434181640784,0.329475297800434,2022-03-15
"295",0.355807523576219,0.328139259292337,0.316053217131444,385.970063890517,0.33022002513546,2022-03-16
"296",0.347795306605169,0.328749456099545,0.323455237295286,408.026514778694,0.330840080461295,2022-03-17
"297",0.343511433588235,0.329641580459815,0.32684698595195,415.309571595466,0.330297071391634,2022-03-18
"298",0.351487420370357,0.326880115412283,0.32163246421736,406.08809445355,0.328950781230871,2022-03-19
"299",0.351406489382369,0.326329079123345,0.322264431494286,393.785181508124,0.328233975297363,2022-03-20
"300",0.351647979185997,0.325402780507096,0.322949240306907,392.478421437772,0.328477727082303,2022-03-21
"301",0.348037245499461,0.326378844910069,0.32558390959047,387.614500109123,0.328756048880223,2022-03-22
"302",0.346559701643943,0.327097730250205,0.326342568105852,384.385638969364,0.328885187777798,2022-03-23
"303",0.346751001790885,0.326855412391404,0.32639358581771,382.871335281859,0.328477294950656,2022-03-24
"304",0.348053004962006,0.326741389868135,0.32520560516986,392.691710066287,0.327883852547321,2022-03-25
"305",0.351654939779636,0.326403312568625,0.321941747651739,394.821863994077,0.327851581543358,2022-03-26
"306",0.349567621625184,0.32685902833505,0.323573350039766,397.028731475815,0.328436515192484,2022-03-27
"307",0.349839713648154,0.327140615256989,0.323019671094857,395.527689456995,0.32935180188758,2022-03-28
"308",0.347135742910143,0.328502160188114,0.324362096901743,405.285335564295,0.329856336489833,2022-03-29
"309",0.339233815039839,0.32976489842223,0.331001286537931,413.83317856394,0.329877239473887,2022-03-30
"310",0.339784046384839,0.328225992319338,0.331989961295823,424.298948138702,0.329706693624843,2022-03-31
"311",0.342970724699767,0.3288802551859,0.328149020114333,409.659944539779,0.329330205783998,2022-04-01
"312",0.337726312990024,0.327964699794263,0.334308987215713,411.664929968632,0.329122504854385,2022-04-02
"313",0.339006393271505,0.327457783935535,0.33353582279296,420.625823237662,0.328677439177973,2022-04-03
"314",0.346856760622077,0.326163551705359,0.326979687672563,408.52752256281,0.328000028328778,2022-04-04
"315",0.348733003828513,0.327069666414034,0.324197329757453,413.534726828454,0.328307955362592,2022-04-05
"316",0.344348670850556,0.326298128105891,0.329353201043553,393.057054274845,0.329908448554262,2022-04-06
"317",0.342271528330662,0.329908448554262,0.327820023115075,422.079332508848,0.329908448554262,2022-04-07
"318",0.338022862564963,0.329076255099901,0.332900882335137,436.799786888964,0.329774344223064,2022-04-08
"319",0.344876876834796,0.326980663425775,0.328142459739429,410.89545791057,0.328933590183323,2022-04-09
"320",0.343993654967656,0.326513141885179,0.329493203147165,395.858824637005,0.328589597727126,2022-04-10
"321",0.344311357843131,0.327870609223024,0.327818032933845,394.229327587609,0.330533846930628,2022-04-11
"322",0.34918793396468,0.329532193779247,0.321279872256072,395.681933918461,0.334520519256213,2022-04-12
"323",0.352642039472941,0.332185031596676,0.315172928930382,406.655001904305,0.342742092151064,2022-04-13
"324",0.368859857684291,0.339282985511377,0.291857156804332,387.182068717611,0.352508994789851,2022-04-14
"325",0.385376125447511,0.350096410871359,0.26452746368113,381.562420564787,0.359692350336063,2022-04-15
"326",0.393845030632482,0.358403813827217,0.247751155540301,381.809950316885,0.362552723571658,2022-04-16
"327",0.392794374192108,0.361102491421274,0.246103134386618,372.607036943526,0.366198894514737,2022-04-17
"328",0.394853228220718,0.363463818341751,0.241682953437531,369.750814144068,0.372161281248915,2022-04-18
"329",0.397423349732478,0.36920325481541,0.233373395452112,366.957604597721,0.377259055584885,2022-04-19
"330",0.399241287514746,0.376797923360328,0.223960789124927,371.05509005867,0.377720187809443,2022-04-20
"331",0.400181435482354,0.376210859640251,0.223607704877395,384.80048442107,0.377149353756475,2022-04-21
"332",0.377760850733779,0.36903915230348,0.25319999696274,407.722285936811,0.374307310700794,2022-04-22
"333",0.375927036445585,0.367062443716475,0.25701051983794,427.577633611633,0.370941394665322,2022-04-23
"334",0.374652347654889,0.368380252059055,0.256967400286056,413.673788198441,0.38100226096096,2022-04-24
"335",0.366040842460913,0.368916975777529,0.265042181761559,423.555383193328,0.399272968556444,2022-04-25
"336",0.414996960122454,0.39237851281619,0.192624527061356,401.646886139652,0.407662966371463,2022-04-26
"337",0.452848847744855,0.402962226078749,0.144188926176395,378.349953569182,0.410237926792974,2022-04-27
"338",0.482591443521346,0.410237926792974,0.10717062968568,364.664071961349,0.410237926792974,2022-04-28
"339",0.453112254939421,0.397242590900816,0.149645154159763,373.809355488893,0.407750212650248,2022-04-29
"340",0.415074027236748,0.377063416823141,0.207862555940111,404.907189715895,0.400565620376977,2022-04-30
"341",0.451204316747039,0.391641991492705,0.157153691760256,364.379724924149,0.398165374517155,2022-05-01
"342",0.455239084243315,0.390779653532552,0.153981262224133,367.040381973716,0.394472514024854,2022-05-02
"343",0.384526068963524,0.370517113641242,0.244956817395234,416.128797377622,0.385685787541532,2022-05-03
"344",0.400188883690269,0.369702188704876,0.230108927604854,396.300411672323,0.375252881527005,2022-05-04
"345",0.352628975348817,0.36315458779001,0.284216436861172,410.574706544392,0.375423592617498,2022-05-05
"346",0.363705291559975,0.369083922615828,0.267210785824198,415.680299211318,0.376974567881594,2022-05-06
"347",0.397415958170972,0.366009314975953,0.236574726853076,412.787629289502,0.379612060270356,2022-05-07
"348",0.427922779668078,0.376557580570801,0.195519639761121,361.959821294842,0.379492894467159,2022-05-08
"349",0.42012002361414,0.371976323600383,0.207903652785477,360.482951117121,0.375734609033771,2022-05-09
"350",0.407340296717658,0.366167118128987,0.226492585153355,376.366989614046,0.37341711578467,2022-05-10
"351",0.417652442270945,0.369150440463617,0.213197117265438,357.760081050663,0.37728906380511,2022-05-11
"352",0.434029108848611,0.376442939739999,0.18952795141139,314.845010933709,0.378467147019437,2022-05-12
"353",0.436652833619444,0.376756497494676,0.18659066888588,321.238928282573,0.377611822257056,2022-05-13
"354",0.425593446091335,0.374185707724153,0.200220846184512,327.171990876451,0.376379205742432,2022-05-14
"355",0.417669790149267,0.369291239221226,0.213038970629508,325.860238958238,0.373532160783895,2022-05-15
"356",0.391767076072938,0.359888976791223,0.248343947135839,407.566113633543,0.369954982490748,2022-05-16
"357",0.414841835560443,0.365509538931631,0.219648625507926,352.865943315888,0.37412849418006,2022-05-17
"358",0.426617864842114,0.37412849418006,0.199253640977826,318.022410893483,0.37412849418006,2022-05-18
"359",0.428148022841065,0.372442490770362,0.199409486388573,347.389717178547,0.374874213746235,2022-05-19
"360",0.434477300796678,0.372255590846141,0.193267108357181,326.922822137872,0.376075726655928,2022-05-20
"361",0.435967328411669,0.376075726655928,0.187956944932402,304.243306045421,0.376075726655928,2022-05-21
"362",0.395923020883473,0.365207248481168,0.238869730635359,381.113757643968,0.37808520938364,2022-05-22
"363",0.441205710462858,0.37666563233424,0.182128657202902,316.609249361309,0.37666563233424,2022-05-23
"364",0.384950838268713,0.366568289788312,0.248480871942974,329.347931581943,0.375625785306051,2022-05-24
"365",0.369591377481947,0.356115774947741,0.274292847570312,437.847069295321,0.369912736187678,2022-05-25
"366",0.397898698213646,0.365188671175862,0.236912630610492,375.313568497225,0.371232988522035,2022-05-26
"367",0.408628817860462,0.368604271713052,0.222766910426486,370.470609506122,0.37202081668542,2022-05-27
"368",0.411043484212866,0.369938835806774,0.21901767998036,377.794865650181,0.371310073899354,2022-05-28
"369",0.396607814852307,0.363839687586606,0.239552497561087,369.952610610191,0.369929302004535,2022-05-29
"370",0.389861883808799,0.364107331442057,0.246030784749144,379.756858709095,0.367133606190527,2022-05-30
"371",0.381731972099596,0.361033232523488,0.257234795376916,398.786850449972,0.366585769101414,2022-05-31
"372",0.404877840569154,0.365722691666759,0.229399467764088,383.149261172282,0.366041031784816,2022-06-01
"373",0.379701573527972,0.3642530136729,0.256045412799129,346.225953329539,0.369095069909971,2022-06-02
"374",0.393342707024759,0.362016928120547,0.244640364854694,398.676993422657,0.373654909050737,2022-06-03
"375",0.426612745109636,0.373218745469918,0.200168509420446,379.382801768222,0.375812572391433,2022-06-04
"376",0.420967121657652,0.374953787465122,0.204079090877226,369.770516216552,0.376671357317745,2022-06-05
"377",0.422000610157464,0.375905624844888,0.202093764997649,365.427589320484,0.376671357317745,2022-06-06
"378",0.392307262743565,0.371107489536103,0.236585247720332,334.897424266414,0.374570709944203,2022-06-07
"379",0.383053697038625,0.36003288983811,0.256913413123265,381.899026878522,0.368427661187491,2022-06-08
"380",0.364609079837742,0.354310615648373,0.281080304513886,449.268706056547,0.367244447942916,2022-06-09
"381",0.4049146343731,0.365422000758225,0.229663364868675,376.206713425567,0.37116816432733,2022-06-10
"382",0.4175155725491,0.370930688397706,0.211553739053194,367.547395808816,0.375738521652635,2022-06-11
"383",0.427518430974106,0.374262044529844,0.198219524496049,362.327268798062,0.376424301910626,2022-06-12
"384",0.390267869548375,0.365911699023954,0.24382043142767,413.716712098972,0.376424301910626,2022-06-13
"385",0.404223598315734,0.370807378791597,0.224969022892669,385.624791917186,0.373463628595121,2022-06-14
"386",0.396332628628086,0.363578473199568,0.240088898172345,413.579897381473,0.376322560231937,2022-06-15
"387",0.400563858656612,0.371264327382531,0.228171813960857,401.0863634613,0.376103464343638,2022-06-16
"388",0.406753137515922,0.367937893606594,0.225308968877484,392.87412968962,0.37990828549171,2022-06-17
"389",0.428918284656281,0.37647507954267,0.19460663580105,371.148319717906,0.378185106444046,2022-06-18
"390",0.413624492360364,0.373622178527148,0.212753329112488,379.236869920961,0.378185106444046,2022-06-19
"391",0.416796418578397,0.370957454850938,0.212246126570666,384.686307401971,0.373757670022495,2022-06-20
"392",0.39155455008422,0.362901892623835,0.245543557291945,428.268038479808,0.370881066888331,2022-06-21
"393",0.372171207405916,0.367550295971334,0.26027849662275,432.148161382397,0.373965829284267,2022-06-22
"394",0.416616703410098,0.373965829284267,0.209417467305636,359.111983858337,0.373965829284267,2022-06-23
"395",0.372312232736538,0.360522957937925,0.267164809325538,428.20795015427,0.37373432328916,2022-06-24
"396",0.413357483380417,0.367312485424555,0.219330031195028,385.613188492004,0.367631801676067,2022-06-25
"397",0.386377999316412,0.361190077838072,0.252431922845515,418.264940239044,0.369142761804302,2022-06-26
"398",0.408890603914127,0.365426176862754,0.225683219223119,388.763104403011,0.367106644569016,2022-06-27
"399",0.367201433407838,0.354302236194424,0.278496330397738,449.893281867161,0.370757377948655,2022-06-28
"400",0.40743007749476,0.366171738475438,0.226398184029802,384.864235859997,0.371744847873695,2022-06-29
"401",0.406681120085356,0.369746144111397,0.223572735803247,393.921014117536,0.372032331980371,2022-06-30
"402",0.363952224024721,0.357010950696295,0.279036825278983,359.823372460748,0.373958322370901,2022-07-01
"403",0.416350867008846,0.373258344808795,0.210390788182358,378.57217959526,0.378071732989545,2022-07-02
"404",0.423195705367651,0.37803782277128,0.198766471861069,379.816591849573,0.378071732989545,2022-07-03
"405",0.377084154005466,0.365379156328868,0.257536689665667,403.873714593827,0.377724705264809,2022-07-04
"406",0.400851533784057,0.37157160258049,0.227576863635453,412.313797441812,0.37157160258049,2022-07-05
"407",0.398395678217775,0.367114701388423,0.234489620393802,397.022556390977,0.372061699787493,2022-07-06
"408",0.40117148214465,0.370478888795781,0.228349629059569,398.114699098344,0.371665346163853,2022-07-07
"409",0.395957651606632,0.367516896892422,0.236525451500946,392.846534378062,0.372900351743977,2022-07-08
"410",0.397098017519507,0.367500549593103,0.23540143288739,391.58085809287,0.372013900913334,2022-07-09
"411",0.404036065721643,0.367990422862159,0.227973511416198,392.941146263496,0.371354244818033,2022-07-10
"412",0.404829126978156,0.365561414848145,0.229609458173699,380.638085680907,0.367954236999883,2022-07-11
"413",0.395518423392308,0.363862703203546,0.240618873404146,376.619675968521,0.370228654449662,2022-07-12
"414",0.417912886820349,0.370228654449662,0.211858458729989,372.542566575802,0.371941098278164,2022-07-13
"415",0.412810200236573,0.369601076155384,0.217588723608043,380.285588045241,0.371941098278164,2022-07-14
"416",0.410984839214739,0.368619068933969,0.220396091851292,377.845554409644,0.37170418979171,2022-07-15
"417",0.413895381120628,0.366699143143424,0.219405475735948,376.864980464822,0.370526227980268,2022-07-16
"418",0.406116173059437,0.369108185628732,0.22477564131183,378.929204770606,0.369204693831143,2022-07-17
"419",0.41059182561825,0.366008657126893,0.223399517254857,376.711591870969,0.369342106489971,2022-07-18
"420",0.405404956892883,0.365520704648731,0.229074338458386,379.70779395843,0.368910125029872,2022-07-19
"421",0.397955473901354,0.366798540527173,0.235245985571473,387.421542615788,0.369592968947318,2022-07-20
"422",0.379303371490895,0.365962603393764,0.254734025115342,416.817546141963,0.370616939576361,2022-07-21
"423",0.405171866619185,0.36780621905762,0.227021914323195,373.224055443104,0.369211579316991,2022-07-22
"424",0.387237608519237,0.360127063278403,0.25263532820236,403.119147470269,0.369886761240972,2022-07-23
"425",0.397905647642335,0.364804844765491,0.237289507592174,375.624372542055,0.369366159535332,2022-07-24
"426",0.405670400754298,0.365767674597056,0.228561924648646,376.229055849641,0.369366159535332,2022-07-25
"427",0.384843202496046,0.355068887004371,0.260087910499583,409.658558034243,0.365270484645623,2022-07-26
"428",0.375082009558377,0.354224931965205,0.270693058476418,423.672157770636,0.359763721206126,2022-07-27
"429",0.380163871659016,0.358512261043427,0.261323867297557,396.216440361005,0.358512261043427,2022-07-28
"430",0.369298748749724,0.349407596312859,0.281293654937417,414.652637570021,0.360247286990315,2022-07-29
"431",0.378022028163539,0.357700968651888,0.264277003184573,399.159373248146,0.361772639151037,2022-07-30
"432",0.37796393550327,0.361772639151037,0.260263425345693,383.754881654906,0.362307729813172,2022-07-31
"433",0.394418776054222,0.360651583561346,0.244929640384432,386.456472712801,0.363412806479065,2022-08-01
"434",0.382002905681634,0.361365665999668,0.256631428318698,389.959735708081,0.366780592066062,2022-08-02
"435",0.384637378893718,0.363187843906485,0.252174777199798,392.070335200551,0.367520567083558,2022-08-03
"436",0.395405496892087,0.363158411424464,0.24143609168345,394.76774534515,0.367520567083558,2022-08-04
"437",0.374290783156326,0.350820279474228,0.274888937369445,400.384051334939,0.363026661541984,2022-08-05
"438",0.375812357257403,0.360029513878183,0.264158128864414,422.06292338701,0.360944662902808,2022-08-06
"439",0.370594895989872,0.354234538519615,0.275170565490513,416.624704190756,0.366171553886887,2022-08-07
"440",0.3753859540296,0.364712368650906,0.259901677319495,397.896151163338,0.370181237946124,2022-08-08
"441",0.377212239883723,0.370181237946124,0.252606522170153,392.946292167528,0.370181237946124,2022-08-09
"442",0.380031566419429,0.363428294562858,0.256540139017714,387.772304979866,0.370111593629013,2022-08-10
"443",0.3693596605485,0.365998084753452,0.264642254698048,407.10178833538,0.368683746239453,2022-08-11
"444",0.377854092406253,0.366840267307129,0.255305640286618,401.666389222915,0.367273223459755,2022-08-12
"445",0.369789553558197,0.364745655381171,0.265464791060633,404.835489406499,0.36693026092822,2022-08-13
"446",0.367779725075778,0.351223177037453,0.280997097886769,408.814916488718,0.365210989107686,2022-08-14
"447",0.367258509066766,0.360815633041795,0.271925857891439,392.703726447593,0.367231561490804,2022-08-15
"448",0.373576231721193,0.367231561490804,0.259192206788003,404.729941672622,0.369547269203455,2022-08-16
"449",0.371871998912792,0.353832771032676,0.274295230054531,400.252042314095,0.371995421348703,2022-08-17
"450",0.370889204222653,0.371995421348703,0.257115374428644,406.06798584395,0.371995421348703,2022-08-18
"451",0.375594578532575,0.35592796949291,0.268477451974515,411.646740642158,0.368921312804527,2022-08-19
"452",0.364927457162875,0.36269569654024,0.272376846296885,413.71993658021,0.368628156247771,2022-08-20
"453",0.361133498311106,0.36616060456827,0.272705897120624,413.396686080597,0.370920501736777,2022-08-21
"454",0.362211067311168,0.370450147059529,0.267338785629302,394.19649650592,0.373433108189291,2022-08-22
"455",0.363525390208327,0.372896224802717,0.263578384988955,386.712227352673,0.375396156333987,2022-08-23
"456",0.37548952044683,0.374206290284537,0.250304189268633,377.897886434926,0.376606045496016,2022-08-24
"457",0.375068956334579,0.376606045496016,0.248324998169404,374.862785164391,0.376606045496016,2022-08-25
"458",0.367206481739929,0.365389306764463,0.267404211495608,398.819797073789,0.376995247131148,2022-08-26
"459",0.363546810387124,0.373463404264669,0.262989785348207,387.004621685118,0.379628599833755,2022-08-27
"460",0.377068098131691,0.378569524520836,0.244362377347473,378.379594404338,0.380707751627738,2022-08-28
"461",0.375015491965952,0.376473460083449,0.248511047950599,379.714050350692,0.380707751627738,2022-08-29
"462",0.371705457113392,0.367264881825941,0.261029661060667,383.136776203457,0.379494549597398,2022-08-30
"463",0.374231407294759,0.37740726002548,0.248361332679761,389.874891411796,0.37740844378026,2022-08-31
"464",0.376463801944001,0.370392664484441,0.253143533571558,370.897916390293,0.379485629867617,2022-09-01
"465",0.375438578726173,0.376970131281377,0.24759128999245,388.344413966048,0.37843087505639,2022-09-02
"466",0.361039668679848,0.368907887808702,0.27005244351145,402.270779395843,0.379891618831402,2022-09-03
"467",0.382991964632857,0.378842250974616,0.238165784392527,385.612871820987,0.380688073110053,2022-09-04
"468",0.377579390795455,0.372247556204739,0.250173052999806,367.563306387768,0.381586468708374,2022-09-05
"469",0.376716378312717,0.380136886374838,0.243146735312445,401.250073818582,0.380136886374838,2022-09-06
"470",0.368011610742623,0.368172960433179,0.263815428824198,392.006846940915,0.379227089871797,2022-09-07
"471",0.397460385423419,0.360907890673069,0.241631723903512,330.186292424288,0.386411306581086,2022-09-08
"472",0.38624457491648,0.386411306581086,0.227344118502434,330.604871598461,0.387794556487737,2022-09-09
"473",0.378713688340821,0.371603501252911,0.249682810406268,398.758086879121,0.39205113993461,2022-09-10
"474",0.396531543416326,0.388314613298568,0.215153843285106,385.986579995806,0.391971167137018,2022-09-11
"475",0.394178245796252,0.391772525449688,0.214049228754059,380.15783268644,0.391971167137018,2022-09-12
"476",0.394585284460143,0.381559740016553,0.223854975523304,390.605149755436,0.389559399795088,2022-09-13
"477",0.363442735083515,0.368191438307183,0.268365826609302,411.225193747031,0.386583539122329,2022-09-14
"478",0.381481840775184,0.380520382710067,0.237997776514749,379.12089985921,0.388515502883668,2022-09-15
"479",0.370170364015811,0.387952511588343,0.241877124395846,391.762717122915,0.388234007236005,2022-09-16
"480",0.384011393947421,0.375202664663247,0.240785941389331,396.114142784394,0.385631125274486,2022-09-17
"481",0.393932273888657,0.381523282682919,0.224544443428424,363.222450691327,0.382449019449865,2022-09-18
"482",0.397360536591188,0.380486996211306,0.222152467197506,380.528395547777,0.388336788884665,2022-09-19
"483",0.406676781202933,0.387442448098618,0.205880770698449,355.901434006188,0.392600221852402,2022-09-20
"484",0.40863875897388,0.387351798014581,0.204009443011539,361.484217801191,0.392600221852402,2022-09-21
"485",0.405773030061196,0.384163158459274,0.21006381147953,364.546180476804,0.388269262775545,2022-09-22
"486",0.400994448348376,0.380135006293654,0.21887054535797,372.752876785019,0.38333089921409,2022-09-23
"487",0.366555610853525,0.364956895386561,0.268487493759915,443.262250675066,0.379794239653094,2022-09-24
"488",0.372376648269233,0.374069139520242,0.253554212210525,396.485983028145,0.376021069612058,2022-09-25
"489",0.385430854953656,0.372492643233882,0.242076501812462,403.854476829524,0.376021069612058,2022-09-26
"490",0.36961158372056,0.368992870661399,0.261395545618041,408.675228195703,0.371984446167508,2022-09-27
"491",0.356319407942865,0.350920093829101,0.292760498228034,429.116269615416,0.367437867207079,2022-09-28
"492",0.37633706402509,0.358220869090467,0.265442066884443,409.067309708534,0.364108220515904,2022-09-29
"493",0.382291777280543,0.364108220515904,0.253600002203553,435.487318181624,0.367703709650415,2022-09-30
"494",0.380441569155028,0.362445171641152,0.25711325920382,422.321513088355,0.373456480901273,2022-10-01
"495",0.383456743826031,0.362408233082735,0.254135023091234,358.77575840569,0.378396115617355,2022-10-02
"496",0.399925259808174,0.377505814663506,0.22256892552832,370.907683979442,0.379922064925585,2022-10-03
"497",0.405534870497657,0.375297128330311,0.219168001172032,377.803223197436,0.379433057043295,2022-10-04
"498",0.407894421913974,0.376983379150936,0.21512219893509,375.647196391662,0.377822591775626,2022-10-05
"499",0.411094749598689,0.37667535592735,0.212229894473961,380.664763074448,0.377822591775626,2022-10-06
"500",0.41136641324444,0.374662787921561,0.213970798833999,388.387100363316,0.37619282984292,2022-10-07
"501",0.396316781809954,0.354498954631891,0.249184263558155,404.085203760682,0.379405685413005,2022-10-08
"502",0.409907264701502,0.37310140116591,0.216991334132588,387.685763926036,0.373374811957327,2022-10-09
"503",0.399472874739374,0.362404312811509,0.238122812449117,395.064553814816,0.376583753125256,2022-10-10
"504",0.399902424199223,0.366959992806074,0.233137582994702,404.565811940209,0.371608549296919,2022-10-11
"505",0.411280104882224,0.371522678056248,0.217197217061528,404.560259499061,0.37188684699762,2022-10-12
"506",0.39931256483008,0.360319289263048,0.240368145906872,383.208378088077,0.372165144698321,2022-10-13
"507",0.40853835325581,0.364098226996597,0.227363419747593,387.955858627787,0.371246606135132,2022-10-14
"508",0.397349138494275,0.359223553921384,0.24342730758434,397.285461804768,0.371537287848668,2022-10-15
"509",0.401085610096734,0.37049188520389,0.228422504699376,414.445778646959,0.371902044079998,2022-10-16
"510",0.412648996651025,0.371747821402693,0.215603181946282,384.685552098801,0.375705006075561,2022-10-17
"511",0.425237296687302,0.374060833151773,0.200701870160925,373.64489196811,0.377671868201894,2022-10-18
"512",0.418261782501853,0.371933774511948,0.209804442986199,373.498985796877,0.377671868201894,2022-10-19
"513",0.388710225555523,0.355725751788903,0.255564022655574,396.953248231564,0.369110796729105,2022-10-20
"514",0.394223508633732,0.352682381436369,0.253094109929899,388.349559870079,0.367617924097134,2022-10-21
"515",0.401544605565685,0.363101136577121,0.235354257857194,407.382737578151,0.367617924097134,2022-10-22
"516",0.374915672325796,0.348282632847292,0.276801694826912,401.081042104407,0.365926798743367,2022-10-23
"517",0.378855590481318,0.340565744536059,0.280578664982623,358.208309618668,0.36093782873129,2022-10-24
"518",0.418137296306371,0.36093782873129,0.220924874962339,371.919638310346,0.363505484044168,2022-10-25
"519",0.397268977273568,0.355478357410225,0.247252665316207,378.778302472174,0.363576467024993,2022-10-26
"520",0.40963806951861,0.354637565460362,0.235724365021028,340.871035728194,0.360052735450158,2022-10-27
"521",0.382206097757661,0.346836071741521,0.270957830500818,367.9413602304,0.354303222175324,2022-10-28
"522",0.384652475002134,0.345635661261763,0.269711863736103,365.025299446682,0.34683529350696,2022-10-29
"523",0.380417433430611,0.342312409612153,0.277270156957236,360.429450832545,0.345635661261763,2022-10-30
"524",0.373166211819716,0.338854746412811,0.287979041767473,360.628350186793,0.345635661261763,2022-10-31
